"","ZIP","Percentage of Number of Listings per Population"
"1","55412","0.483113599422"
"2","55410","0.28955532575"
"3","55106","0.252228333017"
"4","55417","0.237185929648"
"5","55406","0.224215246637"
"6","55419","0.223434068015"
"7","55107","0.209799675149"
"8","55105","0.186259005447"
"9","55116","0.184478638212"
"10","55104","0.182667406585"
